card_number,payment_id,owner_name,expiration_date,security_code
1529254915577471,1,Quincy Tolly,05/22,137
5239461171549961,3,Clarice Ashlynn,08/24,621
6900563282860639,5,Kristi Mayson,03/23,369
4455716932449885,7,Wanda Annora,06/22,532
8609462428272953,9,Giselle Kaila,09/24,318
0270780141381795,11,Amias Justy,08/23,903
2118220676982916,13,Janie Seward,08/24,734
1659298050887927,15,Wynne Rylie,09/24,329
5342522077422254,17,Tawny Sherley,03/22,136
8596008278627984,19,Kieron Marlon,04/24,975
2503492304572582,654,Darion Sherisse,06/25,493
7187213658321705,31,Ramona Acacia,10/25,014
9037359667032830,78,Iris Leontyne,03/25,362
2143578028574582,35,Kenrick Melanie,02/20,697
3757335946109218,78,Mabelle Kathleen,05/24,079
6424353587694576,86,Kristel Kierra,08/22,611
8282045120102156,54,Tallulah Jakki,07/25,116
0211730929319552,74,Pheobe Rebeckah,08/25,921
2093264814753844,979,Hamnet Shania,07/22,720
5599088497336713,54,Sandy Frank,03/21,592
